id,formattedAddress,location,rating,websiteUri,userRatingCount,displayName,primaryType
ChIJoS84RStzVo8RMZAc0ytcFmw,"Perif. de Mérida Lic. Manuel Berzunza S/N, 97249 Mérida, Yuc., Mexico","{'latitude': 20.955513, 'longitude': -89.6999282}",4.2,http://www.surpesa.com.mx/,40.0,"{'text': 'SURPESA Cedis', 'languageCode': 'en'}",hardware_store
ChIJych2UCtzVo8RrIjQgPltzjk,"Perif. de Mérida Lic. Manuel Berzunza, 97312 Mérida, Yuc., Mexico","{'latitude': 20.9555047, 'longitude': -89.699936}",,,,"{'text': 'La Tienda del Plomero y el Electricista', 'languageCode': 'es'}",hardware_store
ChIJiVWqvydzVo8RwNMdR4Mi72E,"x75C, C. 34 675, Tixcacal Opichen, Sin Nombre de Col 28, 97249 Mérida, Yuc., Mexico","{'latitude': 20.9520469, 'longitude': -89.6897759}",4.4,,160.0,"{'text': 'Ferrotlapalería El Farahon Dorado', 'languageCode': 'es'}",hardware_store
ChIJX_mhVdhyVo8RBfz5X7rnOpk,"C. 81 511, Ampliación Tixcacal Opichen, 97249 Mérida, Yuc., Mexico","{'latitude': 20.947645899999998, 'longitude': -89.6887138}",4.6,,253.0,"{'text': 'Tlapalería Vizcarra', 'languageCode': 'en'}",hardware_store
ChIJ4dRnBDFzVo8RZ9I0-bg8Dpc,"C. 77ᶜ 598, Ampliación Tixcacal Opichen, 97000 Mérida, Yuc., Mexico","{'latitude': 20.9491932, 'longitude': -89.6925399}",4.9,,12.0,"{'text': 'Ferrotlapalería El Foquito', 'languageCode': 'es'}",hardware_store
ChIJuQrWSR5zVo8RS2dof0OlfaA,"C. 138 1158, Villa Magna Poniente I, Cinturón Verde, 97249 Mérida, Yuc., Mexico","{'latitude': 20.9519722, 'longitude': -89.67883139999999}",4.5,,84.0,"{'text': 'Tlapalería El Barata', 'languageCode': 'es'}",hardware_store
ChIJJyruD99yVo8Rt4pBMat7ylk,"Calle 140-C No. 289 por, C. 81 Diag., Nueva Reforma Agraria, 97249 Mérida, Yuc., Mexico","{'latitude': 20.9482231, 'longitude': -89.68448210000001}",3.0,,18.0,"{'text': 'FERROTLAPALERÍA RUIZ', 'languageCode': 'es'}",hardware_store
ChIJGxN0qN1zVo8RVaj_3NNEC00,"C. 77 962, Jardines de Nueva Mulsay ÌII, Jardines de Nueva Mulsay III, 97249 Mérida, Yuc., Mexico","{'latitude': 20.9535415, 'longitude': -89.66002560000001}",4.8,https://m.facebook.com/Ferrotlapaler%C3%ADa-Suarez-107430244496773/?ref=bookmarks,18.0,"{'text': 'Ferrotlapalería Suarez', 'languageCode': 'es'}",hardware_store
ChIJsUulxgJzVo8RtqKHHGnao6U,"Calle 120 75b, Jardines de Nueva Mulsay III, 97249 Mérida, Yuc., Mexico","{'latitude': 20.9535435, 'longitude': -89.6631274}",3.0,,2.0,"{'text': 'Ferroplomeria Del Caribe Expert', 'languageCode': 'es'}",hardware_store
ChIJFxMgVE1yVo8RA8g73jNHh3c,"x79 y 81, Calle 100 768, Nueva Sambulá, 97250 Mérida, Yuc., Mexico","{'latitude': 20.9499215, 'longitude': -89.6531899}",4.9,,12.0,"{'text': 'FERROTLAPALERÍA ""MONTERO""', 'languageCode': 'es'}",hardware_store
ChIJyfzAdA9zVo8RXxYerCHqn8s,"Sambulá, 97250 Mérida, Yuc., Mexico","{'latitude': 20.952609, 'longitude': -89.6529956}",4.6,,16.0,"{'text': 'La Lupita | Tlapalería', 'languageCode': 'es'}",hardware_store
ChIJC7I9tExyVo8RQM1KD1zhRVE,"por Av Itzaes, Cto. Colonias 760, Nueva Sambulá, 97250 Mérida, Yuc., Mexico","{'latitude': 20.9499135, 'longitude': -89.6496191}",4.6,,42.0,"{'text': 'TLAPALERIA AEROPUERTO', 'languageCode': 'es'}",hardware_store
ChIJaWqvTZ9zVo8RlUcIyhdMPug,"Cto. Colonias 665a, Sambulá, 97259 Mérida, Yuc., Mexico","{'latitude': 20.956213899999998, 'longitude': -89.6482822}",4.0,,24.0,"{'text': 'SAN MARTIN FERRETERÍA', 'languageCode': 'es'}",hardware_store
ChIJIYdYFrVzVo8RmJX2YohpcOc,"C. 92 S/N, Sambulá, 97260 Mérida, Yuc., Mexico","{'latitude': 20.9519786, 'longitude': -89.6455611}",5.0,,4.0,"{'text': 'Ferrotlapalería', 'languageCode': 'es'}",hardware_store
ChIJMQYGDLRzVo8RaRAg8SANZwY,"Sambulá, 97250 Merida, Yucatan, Mexico","{'latitude': 20.9550899, 'longitude': -89.6483925}",4.5,,31.0,"{'text': 'Gearwrench', 'languageCode': 'es'}",hardware_store
ChIJh4s6ELVzVo8R-UWwQwyFmqY,"Av. Itzaes #619 Por Calle 90 y 92, Sambulá, 97259 Mérida, Yuc., Mexico","{'latitude': 20.9526529, 'longitude': -89.64578589999999}",4.7,https://www.plaforama.com/,121.0,"{'text': 'Plaforama Mérida Aviación', 'languageCode': 'es'}",store
ChIJgVEMGrpzVo8ROsbH8rGHhKo,"C. 90 522R, Centro, 97000 Centro, Yuc., Mexico","{'latitude': 20.955483299999997, 'longitude': -89.6420163}",5.0,,1.0,"{'text': 'FERRETERÍA ""EL CLAVÓN DE FIERRO""', 'languageCode': 'es'}",hardware_store
ChIJ6XOj3hZzVo8RJAUrHs9sW-8,"C. 22 426-Por 47 y 49A, Juan Pablo II, 97246 Mérida, Yuc., Mexico","{'latitude': 20.9656007, 'longitude': -89.67783460000001}",4.3,,19.0,"{'text': 'FERROTLAPALERÍA ""Hernández""', 'languageCode': 'es'}",hardware_store
ChIJd30H_RtzVo8REj7qp6I9nIk,"Por la, C. 138 1014-67 y 73, Villa Magna, Cinturón Verde, 97249 Mérida, Yuc., Mexico","{'latitude': 20.9568481, 'longitude': -89.67668370000001}",4.4,,10.0,"{'text': 'TLAPALERÍA CHUCHO', 'languageCode': 'es'}",hardware_store
ChIJI1aK2b9zVo8Rr1O3oINZqxU,"C. 22 535, Juan Pablo II, 97246 Mérida, Yuc., Mexico","{'latitude': 20.9598582, 'longitude': -89.67908039999999}",5.0,,3.0,"{'text': 'Tlapalería Borges', 'languageCode': 'es'}",hardware_store
ChIJn3rQpiJzVo8Re14A5zsPjsY,"C. 26 542, Juan Pablo II, 97246 Mérida, Yuc., Mexico","{'latitude': 20.9611479, 'longitude': -89.6817978}",,,,"{'text': 'Ferreteria Y Mas', 'languageCode': 'es'}",hardware_store
ChIJHeW8LARzVo8RinMIPw1QsKw,"por 69 y 69A, C. 124 1001, Nueva Mulsay II, 97249 Mérida, Yuc., Mexico","{'latitude': 20.9592465, 'longitude': -89.6678946}",4.6,,14.0,"{'text': 'FERROMATERIALES HERNÁNDEZ', 'languageCode': 'es'}",hardware_store
ChIJf_3kLQRzVo8RKSWChCeSTRg,"X 124 Y 126, C. Sexagésima 1074, Nueva Mulsay II, 97249 Mérida, Yuc., Mexico","{'latitude': 20.9589371, 'longitude': -89.66808440000001}",4.5,,77.0,"{'text': 'REFACCIONARIA ""GEVI""', 'languageCode': 'es'}",hardware_store
ChIJKwl81A5zVo8RNrU-38d_JTw,"por 126 y 122, C. 61ᴬ, Xoclán Canto, 97245 Mérida, Yuc., Mexico","{'latitude': 20.9655308, 'longitude': -89.6675904}",4.9,,23.0,"{'text': 'FERREKIN', 'languageCode': 'es'}",hardware_store
ChIJq4V9wQVzVo8RQCbcEzOvogo,"Nueva Mulsay II, 97249 Merida, Yucatan, Mexico","{'latitude': 20.9605343, 'longitude': -89.6684305}",3.9,,7.0,"{'text': 'Fer Ferretero', 'languageCode': 'es'}",hardware_store
ChIJjw3ZNxpzVo8RZfh5m8EIvPU,"C. 63 331-y 20, Juan Pablo II, 97246 Mérida, Yuc., Mexico","{'latitude': 20.9599877, 'longitude': -89.6757901}",4.3,,16.0,"{'text': 'TLAPALERÍA EL ANGELITO', 'languageCode': 'es'}",hardware_store
ChIJh-EgBQBzVo8RKRKOBuw3HfE,"Av Juan Pablo II 1078, Xoclán Susulá, 97249 Mérida, Yuc., Mexico","{'latitude': 20.9601462, 'longitude': -89.6705638}",3.0,,2.0,"{'text': 'Tlapalería El Angelito 3', 'languageCode': 'es'}",hardware_store
ChIJEz7t_BpzVo8RfKxgKDAkYQ0,"por 134 y 136, Av Juan Pablo II 1122, Xoclán Susulá, 97249 Mérida, Yuc., Mexico","{'latitude': 20.9594929, 'longitude': -89.67410369999999}",4.3,,4.0,"{'text': 'TLAPALERÍA BETO BARATO', 'languageCode': 'es'}",hardware_store
ChIJB7XqKwlzVo8RhSIarBMMt1U,"por 52 y 132, C. 63 105 A, Xoclán Canto, 97245 Mérida, Yuc., Mexico","{'latitude': 20.965573100000004, 'longitude': -89.66731329999999}",,,,"{'text': 'PAPELERÍA GAFER', 'languageCode': 'es'}",hardware_store
ChIJJ_qan6lzVo8RIe3iOC5kKCM,"C. 71ᴮ, Jardines de Nueva Mulsay ÌII, Jardines de Nueva Mulsay III, 97249 Mérida, Yuc., Mexico","{'latitude': 20.9577024, 'longitude': -89.66058249999999}",4.0,,6.0,"{'text': 'FERROTLAPALERÍA JARDINES', 'languageCode': 'es'}",hardware_store
ChIJAUyQZHxzVo8RqihuGBMQBAs,"Xoclán Reja, Xoclán, 97246 Mérida, Yuc., Mexico","{'latitude': 20.9615805, 'longitude': -89.6620985}",4.8,,4.0,"{'text': 'Ferrotlapalería 2 Hermanos', 'languageCode': 'es'}",hardware_store
ChIJjUXrLjhzVo8RwGxcN689d74,"C. 118 67c, Jardines de Nueva Mulsay II, 97249 Mérida, Yuc., Mexico","{'latitude': 20.957573399999998, 'longitude': -89.6585473}",4.6,https://www.facebook.com/people/Tlapaler%C3%ADa-Los-Nietos/100092741723682/?mibextid=ZbWKwL,5.0,"{'text': 'Tlapalería los nietos', 'languageCode': 'es'}",hardware_store
ChIJbWhNaa5zVo8RR9bNxcqXvd4,"Esq. Calle 67, C. 110, Nueva Mulsay I, 97249 Mérida, Yuc., Mexico","{'latitude': 20.957383099999998, 'longitude': -89.65496189999999}",4.5,,37.0,"{'text': 'FERROTLAPALERIA 110', 'languageCode': 'es'}",hardware_store
ChIJcei7zypzVo8R91YYL71srLA,"Av Juan Pablo II entre 118 #796L x 102 y 104, Mulsay, 97249 Mérida, Yuc., Mexico","{'latitude': 20.9632795, 'longitude': -89.65165689999999}",4.4,http://www.gruposanmartin.mx/,31.0,"{'text': 'Sandux - Grupo San Martín Xoclán', 'languageCode': 'es'}",hardware_store
ChIJ6zwMTJdxVo8RcOmChuoeZFc,"D, Calle 65A Lote 2, entre 14 y 35, Francisco I. Madero, 97240 Mérida, Yuc., Mexico","{'latitude': 20.963615, 'longitude': -89.6507934}",3.7,http://www.surpesa.com.mx/,11.0,"{'text': 'Surpesa Madero', 'languageCode': 'es'}",hardware_store
ChIJPcn4HLdzVo8R8st6YlzeH0o,"Cto. Colonias 596, Sambulá, 97259 Mérida, Yuc., Mexico","{'latitude': 20.9593564, 'longitude': -89.6471244}",4.3,,65.0,"{'text': 'FERRETERÍAS DEL NORTE SAMBULA', 'languageCode': 'es'}",hardware_store
ChIJnR3dbPhyVo8R56ZjHf7oW8U,"Calle 90 555 Esquina Calle 79 por Ave. Itzaes Colonia Sambula, Centro, 97259 Mérida, Yuc., Mexico","{'latitude': 20.9578472, 'longitude': -89.64287809999999}",3.7,http://www.gpomoal.com/,7.0,"{'text': 'Ferretería Aviación S.A. de C.V.', 'languageCode': 'es'}",hardware_store
ChIJ_8rOkrlzVo8RXrN_1O-BAes,"Circuito Colonias Por 67 y 65 A, Mulsay, 97249 Mérida, Yuc., Mexico","{'latitude': 20.963746, 'longitude': -89.6480136}",3.4,,12.0,"{'text': 'TLAPALERÍA PONIENTE', 'languageCode': 'es'}",
ChIJbUkhTshzVo8R9tQT2EYXS7c,"Av. Itzáes 603, Sambulá, 97250 Mérida, Yuc., Mexico","{'latitude': 20.959714599999998, 'longitude': -89.6422334}",4.5,http://www.knova.com.mx/,104.0,"{'text': 'Knova Merida', 'languageCode': 'en'}",hardware_store
ChIJBR1azrdzVo8RL4R8Lwe7dG0,"C. 75 643-x92 y94, Sambulá, 97259 Mérida, Yuc., Mexico","{'latitude': 20.9597566, 'longitude': -89.64478369999999}",4.4,,37.0,"{'text': ""TLAPALERÍA 'M3' S.A. de C.V."", 'languageCode': 'es'}",hardware_store
ChIJP_BUehNzVo8Rjf_wWdzRu6Y,"C. 22, Juan Pablo II, 97246 Mérida, Yuc., Mexico","{'latitude': 20.9717833, 'longitude': -89.67653639999999}",4.4,,29.0,"{'text': 'Ferretería Casa Mérida - Tlapalería', 'languageCode': 'es'}",hardware_store
ChIJE77Mlj5zVo8RaqJWLIy1f6A,"POR 32 Y 34, C. 41 465, Juan Pablo II, 97246 Mérida, Yuc., Mexico","{'latitude': 20.9693239, 'longitude': -89.6848893}",4.5,,119.0,"{'text': 'FERROTLAPALERÍA LA BODEGA', 'languageCode': 'es'}",hardware_store
ChIJ9Z30gBZzVo8RFP1L33f1yuY,"Por 24 y 26, C. 41, Juan Pablo II, 97246 Mérida, Yuc., Mexico","{'latitude': 20.968091599999997, 'longitude': -89.679197}",4.4,,10.0,"{'text': 'FERROPINTURAS Y MATERIAL PARA CONSTRUCCION', 'languageCode': 'es'}",hardware_store
ChIJV1SDAQBzVo8RvLfgMvH5dD0,"C. 32 385, Juan Pablo II, 97246 Mérida, Yuc., Mexico","{'latitude': 20.971946199999998, 'longitude': -89.68363740000001}",5.0,,1.0,"{'text': 'Ferre-hogar', 'languageCode': 'es'}",store
ChIJBcHmThNzVo8RNcj0rWY4Dwo,"C. 22 329-Por 13 y 15, Juan Pablo II, 97246 Mérida, Yuc., Mexico","{'latitude': 20.973658699999998, 'longitude': -89.6762048}",4.6,,5.0,"{'text': 'FERROTLAPALERIA La Amistad', 'languageCode': 'es'}",hardware_store
ChIJ_bAYLhVzVo8Rg3Y_JorlzBY,"por la 17 esquina, C. 28 339, Juan Pablo II, 97246 Mérida, Yuc., Mexico","{'latitude': 20.973788499999998, 'longitude': -89.6799139}",4.3,,8.0,"{'text': 'FERROHOME', 'languageCode': 'es'}",hardware_store
ChIJySERbTxzVo8RK8JEc3ycN1g,"C. 31 347, Juan Pablo II, 97246 Mérida, Yuc., Mexico","{'latitude': 20.9701383, 'longitude': -89.6778669}",5.0,,2.0,"{'text': 'Ferrotlapalería La Brocha de Oro', 'languageCode': 'es'}",hardware_store
ChIJQZRyIFtzVo8RgaAJAfGX89E,"CALLE 71B 276, Bosques de Yucalpetén, 97246 Mérida, Yuc., Mexico","{'latitude': 20.9741521, 'longitude': -89.66687379999999}",4.6,http://casa-ojeda.com/,7.0,"{'text': 'CASA OJEDA - FERRETERÍA, PLÁSTICOS Y MÁS', 'languageCode': 'es'}",hardware_store
ChIJm4dg_Q1zVo8RlJ_jT3Md9Cg,"C. 35 fraccionamiento, Mulsay, 97246 Mérida, Yuc., Mexico","{'latitude': 20.968244, 'longitude': -89.6717046}",5.0,,3.0,"{'text': 'La lijita', 'languageCode': 'fr'}",hardware_store
ChIJayGq46ZzVo8R3boOnf0UAFI,"Por la 39 y 43, C. 32ᴬ 64, Xoclán López Portillo, 97246 Mérida, Yuc., Mexico","{'latitude': 20.966141399999998, 'longitude': -89.66025189999999}",4.4,,16.0,"{'text': 'LA PAJA', 'languageCode': 'es'}",hardware_store
ChIJfwBBN6BzVo8RKkWxi2PnKtQ,"C. 71ᴰ 230, Yucalpetén, 97238 Mérida, Yuc., Mexico","{'latitude': 20.972959100000004, 'longitude': -89.66099729999999}",4.2,,14.0,"{'text': 'TLAPALERÍA JERUSALÉN', 'languageCode': 'es'}",hardware_store
ChIJAVzxpFlzVo8R2661jSrae0M,"Av Merida 2000 No. 1172 x 39, Xoclán San Manuel, 97246 Mérida, Yuc., Mexico","{'latitude': 20.9671845, 'longitude': -89.66343379999999}",4.4,https://materialeshernandez.mx/,8.0,"{'text': 'Ferretería y materiales Hernández', 'languageCode': 'es'}",hardware_store
ChIJrdxqWaJzVo8RyLDnTc6vIXk,"esq. 116, C. 61ᴬ 711B, Bojórquez, 97230 Mérida, Yuc., Mexico","{'latitude': 20.9721069, 'longitude': -89.6559091}",4.8,,20.0,"{'text': 'Ferretería EbenEzer', 'languageCode': 'es'}",hardware_store
ChIJ9ZPFw71zVo8RYdcxO2fDc6E,"C. 59 678, entre Calle 102 y Calle 104, Bojórquez, 97230 Mérida, Yuc., Mexico","{'latitude': 20.972417, 'longitude': -89.6495978}",4.6,,78.0,"{'text': 'Ferrotlapalería La Pequeña Lulu', 'languageCode': 'es'}",hardware_store
ChIJrbwSur9zVo8Rp3_37UOOonQ,"Bojórquez, 97230 Merida, Yucatan, Mexico","{'latitude': 20.975213500000002, 'longitude': -89.6540005}",4.1,,10.0,"{'text': 'Velázquez Fernandez Guillermo', 'languageCode': 'en'}",hardware_store
ChIJhUT83YNzVo8Rn99iPoDywKo,"54Xoclán, C. 26, López Portillo97246, 97246 Mérida, Yuc., Mexico","{'latitude': 20.966708699999998, 'longitude': -89.6564734}",4.6,,13.0,"{'text': 'Tlapalería San Judas Tadeo', 'languageCode': 'es'}",hardware_store
ChIJM_dieKNzVo8RhgTR5D6our0,"Cto. Colonias 196D, Francisco I. Madero, 97240 Mérida, Yuc., Mexico","{'latitude': 20.9687373, 'longitude': -89.655816}",4.3,,24.0,"{'text': 'FERRE MASTER', 'languageCode': 'es'}",hardware_store
ChIJXfXhBPVzVo8R8dq7BSaRR7Y,"Calle 61 & Calle 98, Centro, 97000 Mérida, Yuc., Mexico","{'latitude': 20.9697931, 'longitude': -89.647382}",5.0,https://www.facebook.com/pg/myraasferre/posts/,1.0,"{'text': 'Myraas Ferrotlapalería', 'languageCode': 'es'}",hardware_store
ChIJPaUoIgBzVo8REfeNgeTmfgw,"Cd Caucel, 97314 Mérida, Yuc., Mexico","{'latitude': 20.9841993, 'longitude': -89.6946794}",4.9,https://www.facebook.com/profile.php?id=100064875766068&mibextid=ZbWKwL,10.0,"{'text': 'Ferretería Loraak', 'languageCode': 'es'}",hardware_store
ChIJz9fu_OtzVo8R2kEXqGexb1E,"C. 17 Diag., Juan Pablo II, 97246 Mérida, Yuc., Mexico","{'latitude': 20.976417599999998, 'longitude': -89.68504089999999}",,,,"{'text': 'TLAPALERÍA EL GATO', 'languageCode': 'es'}",hardware_store
ChIJHY4hv9BzVo8RqNtfycftjGc,"C. 38 337, Juan Pablo II, 97246 Mérida, Yuc., Mexico","{'latitude': 20.977653699999998, 'longitude': -89.6846089}",,,,"{'text': 'Tlapalería Balam', 'languageCode': 'es'}",hardware_store
ChIJLeuC50BzVo8R97k8abdkEuI,"C. 17 Diag. 472, Juan Pablo II, 97246 Mérida, Yuc., Mexico","{'latitude': 20.9766111, 'longitude': -89.68515649999999}",,,,"{'text': 'TLAPALERIA DON CATO', 'languageCode': 'es'}",hardware_store
ChIJw__Q7GxzVo8R9cjUsCIUNaM,"C. 22 287-5G y, 5H, 97246 Mérida, Yuc., Mexico","{'latitude': 20.9762603, 'longitude': -89.67572930000001}",4.4,,33.0,"{'text': 'Tlapalería dylan', 'languageCode': 'es'}",hardware_store
ChIJK3t4X25zVo8Rb2th5y9_dxc,"por 5 esquina, C. 22 200, Juan Pablo II, 97246 Mérida, Yuc., Mexico","{'latitude': 20.981875, 'longitude': -89.6744811}",4.3,,15.0,"{'text': 'DISTRIBUIDORA FERRETERA INDUSTRIAL ""PINZON""', 'languageCode': 'es'}",hardware_store
ChIJUyZsSGxzVo8RpHYkyOQNsP4,"C. 22 232, Juan Pablo II, 97246 Mérida, Yuc., Mexico","{'latitude': 20.9785668, 'longitude': -89.67507359999999}",4.8,,41.0,"{'text': 'Tlapalería Beto', 'languageCode': 'es'}",hardware_store
ChIJxYIPc55zVo8RY7m81utpW60,"Esq. Calle 122, Depto. 17 y 19, C. 67A 207, Yucalpetén, 97238 Mérida, Yuc., Mexico","{'latitude': 20.9795184, 'longitude': -89.6613737}",4.6,,45.0,"{'text': 'Tlapalería Medina', 'languageCode': 'en'}",hardware_store
ChIJqXU4j3VzVo8R1x8R4T4ppJ0,"Avenida 128 241, Yucalpetén, 97238 Mérida, Yuc., Mexico","{'latitude': 20.978068399999998, 'longitude': -89.6631252}",2.8,,86.0,"{'text': 'TLAPALERÍA EL TIGRE', 'languageCode': 'es'}",hardware_store
ChIJYWlNGZtzVo8Rrf_oCvn1hqY,"Calle 120 206D, Yucalpetén, 97238 Mérida, Yuc., Mexico","{'latitude': 20.9842723, 'longitude': -89.65605459999999}",4.6,https://ositodis.mx/,296.0,"{'text': 'Osito Refacciones', 'languageCode': 'en'}",hardware_store
ChIJqXCHK5RzVo8R8gxahc1CaEE,"C. 59ᴴ 523, Bojórquez, 97230 Mérida, Yuc., Mexico","{'latitude': 20.9773466, 'longitude': -89.6484057}",4.3,,22.0,"{'text': 'Ferrotlapalería Rck', 'languageCode': 'es'}",hardware_store
ChIJoUUo6ZZzVo8R3VqMygepgYY,"Por la 104 y 106, C. 59ᴳ 538, Bojórquez, 97230 Mérida, Yuc., Mexico","{'latitude': 20.9782558, 'longitude': -89.6503123}",4.6,,29.0,"{'text': '""TLAPALERÍA"" Gali', 'languageCode': 'es'}",hardware_store
ChIJB4L3twZzVo8RgeZS4cajltM,"C. 116 474, Yucalpetén, 97230 Mérida, Yuc., Mexico","{'latitude': 20.975935, 'longitude': -89.6554546}",4.7,http://casa-ojeda.com/,32.0,"{'text': 'CASA OJEDA - FERRETERÍA, PLÁSTICOS Y MÁS', 'languageCode': 'es'}",hardware_store
ChIJmf___5ZzVo8RRSjGbBuTuDA,"59a No. 703 Int 11 por 112 y 114 Jacinto Canek, Bojórquez, 97230 Mérida, Yuc., Mexico","{'latitude': 20.983604099999997, 'longitude': -89.653188}",4.3,http://www.ebtecnica.com.mx/,7.0,"{'text': 'EB Técnica Mexicana, Merida', 'languageCode': 'es'}",hardware_store
ChIJr3BnSpZzVo8RMmCDVvFPFwI,"Bojórquez, 97230 Merida, Yucatan, Mexico","{'latitude': 20.9757324, 'longitude': -89.6508808}",5.0,,1.0,"{'text': 'Tlapalería El Pelucas', 'languageCode': 'es'}",hardware_store
ChIJE0fBR5FzVo8RPzZGFhR_Hso,"Bojórquez, 97230 Merida, Yucatan, Mexico","{'latitude': 20.9809138, 'longitude': -89.6498065}",,,,"{'text': 'Urrea', 'languageCode': 'es'}",hardware_store
ChIJq7aF9JBzVo8RQDdDEMXlgyA,"Bojórquez, 97220 Merida, Yucatan, Mexico","{'latitude': 20.982759599999998, 'longitude': -89.6521038}",,,,"{'text': 'Jw Ferreteros', 'languageCode': 'es'}",hardware_store
ChIJCd8sfJRzVo8RccpRfEPB_Ig,"Local 25 59 A, C. 98 586, Paseo de las Fuentes, 97069 Mérida, Yuc., Mexico","{'latitude': 20.9797071, 'longitude': -89.6464887}",4.3,,26.0,"{'text': 'Tlapalería La favorita', 'languageCode': 'es'}",hardware_store
ChIJMzSirg9zVo8REu1sBfmh7FY,"Calle 88, Av. Itzáes 496, Centro, 97000 Mérida, Yuc., Mexico","{'latitude': 20.9768007, 'longitude': -89.6402755}",3.8,https://contactostihl.com/,27.0,"{'text': 'Distribuidor STIHL autorizado', 'languageCode': 'es'}",
ChIJRcOeqGVxVo8R2VGLl09TP6Y,"Av. Itzaes por 49 y, Av Jacinto Canek, Centro, 97000 Mérida, Yuc., Mexico","{'latitude': 20.9768781, 'longitude': -89.6403133}",3.6,,34.0,"{'text': 'Grupo Realsa En Herramientas', 'languageCode': 'es'}",hardware_store
ChIJRXYKGN0LVo8R8_BYSNg1nuk,"C. 68-B Manzana y 95 Lote Por 93, Cd Caucel, 97314 Mérida, Yuc., Mexico","{'latitude': 20.9874056, 'longitude': -89.7003752}",4.0,,4.0,"{'text': 'Tlapalería: Grupo Rivero', 'languageCode': 'es'}",hardware_store
ChIJLX5PZwBzVo8R8829-5Ztq9Y,"C. 68A 68, La herradura IV, 97314 Mérida, Yuc., Mexico","{'latitude': 20.986636999999998, 'longitude': -89.6995302}",,,,"{'text': 'Papelería Rickitikis y Ferretería Mi Ángel', 'languageCode': 'es'}",hardware_store
ChIJiyrtFUNzVo8RxNHWLc-AgGQ,"C. 60 790-Por 63 y 67, Herradura II, Cd Caucel, 97314 Mérida, Yuc., Mexico","{'latitude': 20.9929181, 'longitude': -89.6898128}",4.9,https://www.facebook.com/ferrecruzcaucel/,68.0,"{'text': 'Tlapalería y Ferretería ""Ferre Cruz""', 'languageCode': 'en'}",hardware_store
ChIJTaotnlpzVo8ROseWlnr-3uM,"por 85 y 87, C. 60 830, Cd Caucel, 97314 Mérida, Yuc., Mexico","{'latitude': 20.9877876, 'longitude': -89.69089890000001}",4.5,,31.0,"{'text': 'FERRETERÍA SELECTA', 'languageCode': 'es'}",hardware_store
ChIJ-QncNdB1Vo8RncTbH6tNnYE,"C. 59-A 312, Yucalpetén, 97238 Mérida, Yuc., Mexico","{'latitude': 20.9918667, 'longitude': -89.66772519999999}",4.1,http://acerosmedina.com/,13.0,"{'text': 'Aceros Medina MERIDA', 'languageCode': 'es'}",
ChIJTZgwSYNzVo8Rsm-cIUALMLk,"Caucel - Merida 246, Yucalpetén, 97238 Mérida, Yuc., Mexico","{'latitude': 20.9865055, 'longitude': -89.6590501}",4.3,https://www.vaqueiros.mx/preguntas-frecuentes/,1841.0,"{'text': 'Vaqueiros Ferreteros Canek', 'languageCode': 'es'}",hardware_store
ChIJJdCjv3hzVo8R1mTDmqFnBJY,"C. 59 283, El Porvenir, 97226 Mérida, Yuc., Mexico","{'latitude': 20.9899879, 'longitude': -89.66373159999999}",4.2,https://www.laferre.lat/,293.0,"{'text': 'LA FERRE Canek', 'languageCode': 'es'}",
ChIJZctpyUdzVo8RqmX-JUgf1N8,"Av Jacinto Canek 313, El Porvenir, 97226 Mérida, Yuc., Mexico","{'latitude': 20.990978, 'longitude': -89.66557329999999}",5.0,https://www.facebook.com/RefacasaManrique,103.0,"{'text': 'Manrique Av. Jacinto Canek', 'languageCode': 'es'}",hardware_store
ChIJG2CBUINzVo8RgKbGM12_jzM,"Av Jacinto Canek 250, Jacinto Canek, 97227 Mérida, Yuc., Mexico","{'latitude': 20.9871133, 'longitude': -89.6592569}",4.2,https://www.homedepot.com.mx/,2720.0,"{'text': 'The Home Depot Canek', 'languageCode': 'en'}",home_goods_store
ChIJffn0S2dzVo8RNIPWlMJHgCI,"Av Jacinto Canek #250, Jacinto Canek, 97227 Mérida, Yuc., Mexico","{'latitude': 20.9874464, 'longitude': -89.65908429999999}",4.0,,4.0,"{'text': 'Duplicado Llaves', 'languageCode': 'es'}",hardware_store
ChIJp8P1f6dzVo8RDuijg9m1Wno,"Calle 59 No.214 por Calle 120 y, Calle 120, Yucalpetén, 97238 Mérida, Yuc., Mexico","{'latitude': 20.9846041, 'longitude': -89.6558647}",4.5,https://bit.ly/ositocanek,1610.0,"{'text': 'Ferretería Osito Suc. Canek', 'languageCode': 'es'}",hardware_store
ChIJRzbGW1N3Vo8R9LE67VAky2M,"Calle 21 Diagonal 325, Ampliación, Miguel Hidalgo, 97220 Mérida, Yuc., Mexico","{'latitude': 20.990327999999998, 'longitude': -89.649505}",4.4,https://www.fixferreterias.com/?utm_source=google&utm_medium=business&utm_campaign=google_my_business,42.0,"{'text': 'Mega Fix Ferreterías Mérida', 'languageCode': 'es'}",hardware_store
ChIJCywjbgBzVo8REn9iF3qWioo,"C. 21 321, Miguel Hidalgo, 97220 Mérida, Yuc., Mexico","{'latitude': 20.990168, 'longitude': -89.64946549999999}",4.6,,5.0,"{'text': 'MEGA MIX Mérida', 'languageCode': 'es'}",hardware_store
ChIJQbekkMtzVo8Rc4e6WcdHu_c,"Miguel Hidalgo, 97220 Mérida, Yuc., Mexico","{'latitude': 20.9876917, 'longitude': -89.65244249999999}",4.0,,2.0,"{'text': 'Tlapalería Xcom', 'languageCode': 'es'}",hardware_store
ChIJE7wnfQBzVo8RnEY6dlkJOLg,"C. 21 195, Hidalgo, 97220 Mérida, Yuc., Mexico","{'latitude': 20.992260599999998, 'longitude': -89.6523649}",,,,"{'text': 'bazar chino', 'languageCode': 'es'}",hardware_store
ChIJk7K8HwBzVo8RkDNEItyu5rc,"C. 32 2029A, Roma, 97218 Mérida, Yuc., Mexico","{'latitude': 20.989573900000003, 'longitude': -89.6464037}",3.8,,4.0,"{'text': 'Ferretería La Pija', 'languageCode': 'es'}",hardware_store
ChIJYcIlcXl5Vo8RJjaoVv--pTE,"Calle 37 687 “B, Cd Caucel, 97305 Caucel, Yuc., Mexico","{'latitude': 21.0028175, 'longitude': -89.69964449999999}",4.6,https://fabs.mx/ferreteria-en-caucel/,5.0,"{'text': 'Ferre de Barrio - Ferretería en Caucel', 'languageCode': 'es'}",hardware_store
ChIJQz1AzrV1Vo8RUhHeYmdfp74,"97314. Fracc. Cd Caucel cd caucel Yuc MX, Jardines de, Caucel, 97314 Mérida, Yuc., Mexico","{'latitude': 21.0007304, 'longitude': -89.6984834}",5.0,,2.0,"{'text': 'San Martin Ferreteria Cd. Caucel', 'languageCode': 'es'}",hardware_store
ChIJmTi87FdzVo8R0HlEUPW_WUk,"C. 62 707, Cd Caucel, 97314 Mérida, Yuc., Mexico","{'latitude': 20.996688199999998, 'longitude': -89.69188369999999}",4.7,,165.0,"{'text': 'EL NEGRITO Caucel', 'languageCode': 'es'}",hardware_store
ChIJU0Rl_KZ0Vo8R8xwyhNzM1d8,"C. 62 635, Cd Caucel, 97314 Mérida, Yuc., Mexico","{'latitude': 21.0013336, 'longitude': -89.6884615}",3.6,,18.0,"{'text': 'Ferro Dr CEDIS', 'languageCode': 'en'}",hardware_store
ChIJmc-g7H9zVo8RfIU4uq965fM,"El Porvenir, 97226 Mérida, Yuc., Mexico","{'latitude': 20.9963811, 'longitude': -89.66368659999999}",4.3,,118.0,"{'text': 'FERRETERÍAS DEL NORTE AVENIDA 128', 'languageCode': 'es'}",hardware_store
ChIJLZ-B04F0Vo8RmR0mN0oIMuU,"C. 45 386, El Porvenir, 97226 Mérida, Yuc., Mexico","{'latitude': 20.9985696, 'longitude': -89.66500649999999}",4.5,,21.0,"{'text': 'TLAPALERIA EL CONTACTO IDEAL', 'languageCode': 'es'}",hardware_store
ChIJOXmADoF0Vo8RhVyH0bo1GwQ,"x128 y 134A, C. 134ᴬ 383, San Francisco Porvenir, 97226 Mérida, Yuc., Mexico","{'latitude': 21.0016136, 'longitude': -89.6660165}",4.6,,54.0,"{'text': 'TLAPALERÍA LOS LIRIOS', 'languageCode': 'es'}",hardware_store
ChIJmYCiC39zVo8R2WeU1SuNkBc,"Por 53 y 51, C. 132 342, El Porvenir, 97226 Mérida, Yuc., Mexico","{'latitude': 20.9946508, 'longitude': -89.66429099999999}",4.4,,15.0,"{'text': 'TLAPALERÍA EL PORVENIR', 'languageCode': 'es'}",hardware_store
ChIJ4ZH7aQBzVo8RkxwaGjYwfgA,"C. 13ᴬ 638, Residencial Pensiones V, 97217 Mérida, Yuc., Mexico","{'latitude': 20.997739, 'longitude': -89.6617942}",4.4,,5.0,"{'text': 'Ferreteria ""BE TOOLS""', 'languageCode': 'es'}",hardware_store
ChIJi563H3R0Vo8RY-gCpR2-ZK4,"por 26 y 28, C. 37 221, Jardines de Pensiones, 97219 Mérida, Yuc., Mexico","{'latitude': 21.0026811, 'longitude': -89.6486003}",4.0,,47.0,"{'text': 'ferrocerro', 'languageCode': 'es'}",hardware_store
ChIJGS3IQlMLVo8R0C0HVhYbUgk,"VIVA CAUCEL II, C. 31 86-y 88, 97314 Caucel, Yuc., Mexico","{'latitude': 21.0048675, 'longitude': -89.7015412}",4.5,,130.0,"{'text': 'Ferreteria Solís', 'languageCode': 'es'}",store
ChIJaa9HrKl0Vo8RMuwylp4L_bQ,"Calle 31 #682 x 80 y 86, Caucel, 97300 Caucel, Yuc., Mexico","{'latitude': 21.004271499999998, 'longitude': -89.70063429999999}",4.3,http://www.gruposanmartin.mx/,27.0,"{'text': 'Sandux - Grupo San Martín Caucel', 'languageCode': 'es'}",hardware_store
ChIJJ1eaNFd1Vo8RjUBGJXPGI9o,"C. 31, Rinconada de Caucel, 97314 Mérida, Yuc., Mexico","{'latitude': 21.004873699999997, 'longitude': -89.6988982}",3.7,https://www.facebook.com/110480054143944/posts/392379349287345/,9.0,"{'text': 'FERRE-MAYA', 'languageCode': 'es'}",hardware_store
ChIJfUKcfXh1Vo8R1vy-UV750_E,"Calle 23 & Calle 62, Gran Santa Fe, 97314 Mérida, Yuc., Mexico","{'latitude': 21.0045641, 'longitude': -89.68875039999999}",3.8,https://www.vaqueiros.mx/,74.0,"{'text': 'Vaqueiros Ferreteros Suc. Caucel', 'languageCode': 'es'}",hardware_store
ChIJ57mEJaR0Vo8R2z3k4iPKV3c,"Calle 62 y Calle 70 612, Por la, México 281 Supermanzana Carretera, Caucel, 97314 Caucel, Yuc., Mexico","{'latitude': 21.0043102, 'longitude': -89.6883525}",4.2,http://www.surpesa.com.mx/,123.0,"{'text': 'Surpesa Caucel', 'languageCode': 'es'}",hardware_store
ChIJlydLgnt0Vo8RCzadooRE0mk,"X27, C. 40ᴬ, Lindavista, 97284 Mérida, Yuc., Mexico","{'latitude': 21.0068816, 'longitude': -89.6577083}",4.8,,16.0,"{'text': 'TLAPALERÍA UNICORNIO', 'languageCode': 'es'}",hardware_store
ChIJc6CQNZ51Vo8RiZToQygN_q4,"C. 48 entre 27C y 27D, Amapola, 97219 Mérida, Yuc., Mexico","{'latitude': 21.0075629, 'longitude': -89.661247}",5.0,,5.0,"{'text': 'Tlapalería Lucan II', 'languageCode': 'es'}",hardware_store
ChIJc49l_3l0Vo8RfncGXVW2wAU,"Por 33 y 35, C. 21 Diag. 279, Residencial del Nte, 97219 Mérida, Yuc., Mexico","{'latitude': 21.0039658, 'longitude': -89.65365299999999}",4.6,,244.0,"{'text': 'Ferrotlapalería Chenkú', 'languageCode': 'es'}",hardware_store
ChIJB1nVD5x1Vo8RX803JAb9O6o,"C. 19 337, Residencial del Nte, 97140 Mérida, Yuc., Mexico","{'latitude': 21.0103749, 'longitude': -89.6514331}",4.1,,10.0,"{'text': 'FERRETERÍA EL SERRUCHO', 'languageCode': 'es'}",hardware_store
ChIJ9_aufXp0Vo8RfRNjO6_rKMM,"x38 y 36, C. 25ᴬ 382, Residencial del Nte, 97219 Mérida, Yuc., Mexico","{'latitude': 21.0067713, 'longitude': -89.65385150000002}",4.5,,11.0,"{'text': 'FERROTLAPALERÍA Y REFACCIONARIA LA ESTRELLA DE BELÉN', 'languageCode': 'es'}",hardware_store
ChIJEzz93Xp0Vo8RJTLvOU9YL6w,"Hacienda Chenkú, 97219 Merida, Yucatan, Mexico","{'latitude': 21.008404799999997, 'longitude': -89.6554306}",4.6,,9.0,"{'text': 'Tlapalería Ferrocerro', 'languageCode': 'es'}",hardware_store
ChIJsXk03FMLVo8RUnv9q82bA7s,"C. 16 423, Caucel, 97300 Caucel, Yuc., Mexico","{'latitude': 21.017679299999998, 'longitude': -89.70339109999999}",5.0,,1.0,"{'text': 'Ferrotlapalería Eben Ezer', 'languageCode': 'es'}",hardware_store
ChIJMTE5Nm90Vo8RcVUpqUm33mE,"Av. Mérida 2000 345, San Luis, 97140 Mérida, Yuc., Mexico","{'latitude': 21.015390399999998, 'longitude': -89.6521657}",3.3,,4.0,"{'text': 'tlapalería el jefe Mike', 'languageCode': 'es'}",hardware_store
ChIJVYjK9Vx1Vo8RuEMzMc6iHDs,"C. 42 311-por 5a y 7, entre calle 5A y calle 7, Arcos del Sol, 97203 Mérida, Yuc., Mexico","{'latitude': 21.0206451, 'longitude': -89.6479042}",4.5,,2.0,"{'text': 'La proveedora del hogar', 'languageCode': 'es'}",hardware_store
ChIJNYxEEXh1Vo8RLNPKRVw5IMg,"C. 13 C EXTERIOR 592, GRAN SANTA FE, 97314 Caucel, Yuc., Mexico","{'latitude': 21.0239841, 'longitude': -89.6903456}",,https://www.contactostihl.com/,,"{'text': 'Distribuidor STIHL Autorizado', 'languageCode': 'es'}",hardware_store
ChIJyWpqd_V1Vo8R-La_lsbqMgI,"Royal Plaza, C. 60 260-x 63, Local, 6, Zona Industrial, Las Magnolias, 97203 Mérida, Yuc., Mexico","{'latitude': 21.0215857, 'longitude': -89.6591816}",3.2,https://www.todotornillo.com/,60.0,"{'text': 'Todo Tornillo Periférico', 'languageCode': 'es'}",hardware_store
ChIJRfiE00J0Vo8RnV35xGDordc,"X 61 y 54, C. 56, Francisco de Montejo, 97200 Mérida, Yuc., Mexico","{'latitude': 21.0244015, 'longitude': -89.653126}",4.6,https://www.escudoimpermeabilizacion.com/,57.0,"{'text': 'FERRETERÍA Y PINTURAS ARA', 'languageCode': 'es'}",hardware_store
ChIJLSfceGd0Vo8R2TnMHdwrF9A,"C. 63ᴬ, Camara de la Construcción, 97203 Mérida, Yuc., Mexico","{'latitude': 21.0214002, 'longitude': -89.6558404}",3.7,,19.0,"{'text': 'Tlapalería La Brocha', 'languageCode': 'es'}",hardware_store
ChIJcVHrZAB1Vo8RQ5V3xfOZgxI,"Calle 48a 290, San Pablo Uxmal, 97203 Mérida, Yuc., Mexico","{'latitude': 21.0212762, 'longitude': -89.65036620000001}",5.0,,8.0,"{'text': 'Ferreviba', 'languageCode': 'es'}",hardware_store
ChIJdbbHwkF0Vo8Rg4HNZehjpYM,"C. 46, Francisco de Montejo, 97203 Mérida, Yuc., Mexico","{'latitude': 21.0225844, 'longitude': -89.64741819999999}",4.6,,716.0,"{'text': 'FERROTLAPALERÍA ANDREA', 'languageCode': 'es'}",hardware_store
ChIJi5hUx211Vo8REf8ukol8YPM,"C. 46 por 53B, Francisco de Montejo, 97203 Mérida, Yuc., Mexico","{'latitude': 21.029548, 'longitude': -89.64476169999999}",4.3,,15.0,"{'text': 'Ferreteria Zamnna', 'languageCode': 'es'}",hardware_store
ChIJjd_c6T90Vo8RCpfhpvJqfuU,"Por 55 B y 61, C. 42 424, Francisco de Montejo, 97203 Mérida, Yuc., Mexico","{'latitude': 21.022857899999998, 'longitude': -89.642794}",4.4,,35.0,"{'text': 'FERROTLAPALERÍA ""JIMÉNEZ""', 'languageCode': 'es'}",hardware_store
ChIJZ5rrJwB1Vo8RUoLO9EPj5UU,"Av 51 & Calle 76, Real Montejo, 97302 Mérida, Yuc., Mexico","{'latitude': 21.0378428, 'longitude': -89.6644541}",3.7,http://www.surpesa.com.mx/,3.0,"{'text': 'SURPESA Real Montejo', 'languageCode': 'es'}",hardware_store
ChIJi2LmIHFzVo8RcUHWisXarq8,"C. 47 379, Francisco de Montejo II, 97203 Mérida, Yuc., Mexico","{'latitude': 21.0366188, 'longitude': -89.6487215}",4.4,http://www.herrajesfenix.com/,7.0,"{'text': 'Herrajes fénix', 'languageCode': 'es'}",hardware_store
ChIJI4M6PUh0Vo8R2gAbU1I8jC0,"C. 50 218, entre 45 y 47, Francisco de Montejo, 97203 Mérida, Yuc., Mexico","{'latitude': 21.0354021, 'longitude': -89.6444887}",4.6,http://www.ferrepara.mx/,208.0,"{'text': 'FerRepara', 'languageCode': 'es'}",hardware_store
ChIJRWjB6VF1Vo8RhPba2NWVhSw,"C. 51 298, Francisco de Montejo, 97203 Mérida, Yuc., Mexico","{'latitude': 21.031207, 'longitude': -89.64575959999999}",4.8,https://www.facebook.com/RefacasaManrique,341.0,"{'text': 'Manrique Francisco de Montejo', 'languageCode': 'es'}",hardware_store
ChIJH70-3Bd1Vo8Rz0We5O4e8Ow,"C. 51 290, Francisco de Montejo, 97203 Mérida, Yuc., Mexico","{'latitude': 21.0310845, 'longitude': -89.64538019999999}",4.7,https://www.facebook.com/RomivMerida?mibextid=LQQJ4d,17.0,"{'text': 'Romiv escaleras', 'languageCode': 'es'}",hardware_store
ChIJNyxROz51Vo8RhsdblY0lZvY,"C. 50 77, Francisco de Montejo II, 97203 Mérida, Yuc., Mexico","{'latitude': 21.0438634, 'longitude': -89.64148209999999}",4.2,,30.0,"{'text': 'Ferrotlapalería Andrea 2', 'languageCode': 'es'}",hardware_store
ChIJZQJ4vrt1Vo8RkBYqjaViWiM,"Dzitya - Entronque Carretera Mérida Progreso, 97345 Mérida, Yuc., Mexico","{'latitude': 21.048937499999997, 'longitude': -89.6698153}",5.0,https://www.escudoimpermeabilizacion.com/,7.0,"{'text': 'FERRETERIA DZITIA', 'languageCode': 'es'}",hardware_store
ChIJRSeCwLN1Vo8RLKw2e7GjsRA,"Calle 83 x 34, col tamarindos, 97302 Mérida, Yuc., Mexico","{'latitude': 21.0498454, 'longitude': -89.6524354}",4.0,https://www.facebook.com/share/19joveVRTs/,13.0,"{'text': 'Ferretería ""El Foquito 2""', 'languageCode': 'en'}",store
ChIJ5VHyAgB1Vo8RW2hb8FrdZgs,"San Antonio Hool, 97302 Mérida, Yuc., Mexico","{'latitude': 21.0624665, 'longitude': -89.67233499999999}",5.0,,3.0,"{'text': 'Ferretería Baulin', 'languageCode': 'es'}",hardware_store
ChIJBx1e-xN1Vo8RCGKMvsZzxkU,"Calle 74 442, Fraccionamiento Las Américas, 97302 Mérida, Yuc., Mexico","{'latitude': 21.0609893, 'longitude': -89.6456913}",3.9,,9.0,"{'text': 'Sandux - Grupo San Martín Americas', 'languageCode': 'es'}",store
ChIJU9fU2aF1Vo8RYFPk3fymDgo,"C. 59 865, entre 104 y 108, Fraccionamiento Las Américas, 97302 Mérida, Yuc., Mexico","{'latitude': 21.0692266, 'longitude': -89.6585209}",4.6,,310.0,"{'text': 'Bofer tu bodega ferretera', 'languageCode': 'es'}",hardware_store
ChIJO_hteSx1Vo8RJDkdWrGX4wM,"C. 57 964-954, Fraccionamiento Las Américas, Sin Nombre de Col 27, 97302 Mérida, Yuc., Mexico","{'latitude': 21.069644099999998, 'longitude': -89.6664256}",4.7,,58.0,"{'text': 'FERRE URIBE', 'languageCode': 'es'}",hardware_store
ChIJPTqf4I51Vo8Rjke6JtOhgp4,"55 No. 899 x 108A, Fraccionamiento Las Américas, 97302 Mérida, Yuc., Mexico","{'latitude': 21.074254999999997, 'longitude': -89.65984689999999}",4.7,,32.0,"{'text': 'FerreAméricas', 'languageCode': 'en'}",hardware_store
ChIJUfyHiXF1Vo8RXZGfTmPHHgY,"C. 59 651, Fraccionamiento Las Américas, 97302 Mérida, Yuc., Mexico","{'latitude': 21.0694437, 'longitude': -89.64810849999999}",4.4,,117.0,"{'text': 'Ferretería y Tornillería Tornimérida', 'languageCode': 'es'}",hardware_store
ChIJabrFw9F1Vo8Ry9N-2JlXNcg,"Calle 74 255A, Fraccionamiento Las Américas, 97245 Mérida, Yuc., Mexico","{'latitude': 21.067740099999998, 'longitude': -89.64484999999999}",4.5,,24.0,"{'text': 'Ferrotlapalería Los Vikingos de JR', 'languageCode': 'es'}",hardware_store
ChIJDxDzz5l1Vo8Rnq2FnddC5oc,"Plaza Terranova Calle 59 x 76 x 74 No. 600 Local A Plaza Terranova Fracc, Fraccionamiento Las Américas, 97302 Mérida, Yuc., Mexico","{'latitude': 21.069821899999997, 'longitude': -89.6455999}",4.4,http://www.surpesa.com.mx/,131.0,"{'text': 'Surpesa', 'languageCode': 'en'}",hardware_store
ChIJyTqoZpp1Vo8RPai_201V2QM,"C. 100, Fraccionamiento Las Américas 2, 97302 Mérida, Yuc., Mexico","{'latitude': 21.0780697, 'longitude': -89.6542966}",4.1,,19.0,"{'text': 'FERROMAT', 'languageCode': 'es'}",hardware_store
ChIJ1Qrny_ZzVo8RSwT8FenvVjc,"García Ginerés, 97070 Merida, Yucatan, Mexico","{'latitude': 20.991936600000002, 'longitude': -89.63781670000002}",4.0,,7.0,"{'text': 'Ferretería Circuito', 'languageCode': 'es'}",hardware_store
ChIJx5i5bKZzVo8R1E9dUnm8z4o,"C. 30 178A, García Ginerés, 97070 Mérida, Yuc., Mexico","{'latitude': 20.991815499999998, 'longitude': -89.6379226}",4.3,http://herramax.com.mx/,48.0,"{'text': 'Herramax', 'languageCode': 'en'}",hardware_store
ChIJCxiaUfFzVo8R8rwiOk8Dg5A,"C. 32 141, San Damián, 97218 Mérida, Yuc., Mexico","{'latitude': 20.991795699999997, 'longitude': -89.6388747}",5.0,,3.0,"{'text': 'Ferromar', 'languageCode': 'es'}",hardware_store
ChIJLeoxWdl3Vo8RO7bK_V2--Lk,"Av Cupules 79A, García Ginerés, 97070 Mérida, Yuc., Mexico","{'latitude': 20.992260599999998, 'longitude': -89.62604499999999}",4.4,http://www.luviciluminacion.com.mx/,14.0,"{'text': 'Luvic Iluminación', 'languageCode': 'en'}",hardware_store
ChIJtdTu7kVxVo8RcgGdY_0bRE0,"Calle 50 X 33, Ferrocarrileros, 97000 Mérida, Yuc., Mexico","{'latitude': 20.9852432, 'longitude': -89.6116778}",4.3,http://www.dmt.com.mx/,1175.0,"{'text': 'Wholesale distributor of screws Yucatan S.A. de C.V.', 'languageCode': 'en'}",hardware_store
ChIJv_5MA2ZxVo8RADf6cxTjBSw,"Calle 50 no. 400 A y B entre 29 y 31, Jesús Carranza, 97109 Mérida, Yuc., Mexico","{'latitude': 20.985859599999998, 'longitude': -89.61142149999999}",4.2,,453.0,"{'text': 'Boxito', 'languageCode': 'en'}",store
ChIJzWWoUU9xVo8R6uXqiV5oM-4,"Calle 50, Ferrocarrileros, 97000 Mérida, Yuc., Mexico","{'latitude': 20.986528699999997, 'longitude': -89.61137300000001}",4.3,,58.0,"{'text': 'CONEXMA', 'languageCode': 'es'}",
ChIJY0zo8M12Vo8Rsbjel5UiN_I,"CALLE 27. 472-A x 38 y 40, Jesús Carranza, 97109 Mérida, Yuc., Mexico","{'latitude': 20.987542299999998, 'longitude': -89.6070915}",,,,"{'text': 'ESTOPA Y TRAPO IND. TREBOL', 'languageCode': 'es'}",hardware_store
ChIJbfCQtbZxVo8RnhFs59ilVdI,"C. 24, Miguel Alemán, 97148 Mérida, Yuc., Mexico","{'latitude': 20.9911021, 'longitude': -89.60038990000001}",4.6,https://www.ferreflexmid.com.mx/,31.0,"{'text': 'FERREFLEX', 'languageCode': 'es'}",hardware_store
ChIJ0YK-HDpxVo8RrRyiz-um9Gg,"C. 31ᴰ 306, entre 30 y 32, López Mateos, 97140 Mérida, Yuc., Mexico","{'latitude': 20.985132399999998, 'longitude': -89.6012643}",3.2,,6.0,"{'text': 'TLAPALERÍA LA CHIQUITA', 'languageCode': 'es'}",hardware_store
ChIJ8Vs9gfhzVo8Rdtyh1L5RT2g,"Av. Circuito Colonias #317 por 43, Pedregales de Tanlum, 97210 Mérida, Yuc., Mexico","{'latitude': 20.997522, 'longitude': -89.631817}",4.4,https://www.vaqueiros.mx/preguntas-frecuentes/,736.0,"{'text': 'Vaqueiros Ferreteros Tanlum', 'languageCode': 'es'}",hardware_store
ChIJeXWHpwl0Vo8Ry9ZMr3beRRI,"Calle 43 424 A X 28 Y 30, Pedregales de Tanlum, 97210 Mérida, Yuc., Mexico","{'latitude': 21.000944099999998, 'longitude': -89.63777379999999}",4.7,,56.0,"{'text': 'Tlapalería el Duende', 'languageCode': 'es'}",hardware_store
ChIJh454AM9zVo8RgYYSuHb8KQE,"Calle 30, 136 García Ginerés sobre, Cto. Colonias, García Ginerés, 97070 Mérida, Yuc., Mexico","{'latitude': 20.9961867, 'longitude': -89.63453799999999}",4.3,http://burgosmexico.com/,66.0,"{'text': 'Burgos México Suc. Circuito', 'languageCode': 'es'}",hardware_store
ChIJScwHiPdzVo8RXwW9Pxv1GXw,"Circuito Colonias #209 x 3 y 7, García Ginerés, 97070 Mérida, Yuc., Mexico","{'latitude': 20.995902, 'longitude': -89.63472929999999}",4.2,http://www.todotornillo.com/,242.0,"{'text': 'Todo Tornillo', 'languageCode': 'en'}",hardware_store
ChIJ_2zxcVJxVo8RhqibiBiq-lQ,"Por 56 B, C. 19 S/N, Itzimná, 97100 Mérida, Yuc., Mexico","{'latitude': 20.9938742, 'longitude': -89.6162768}",3.9,,38.0,"{'text': 'TLAPALERÍA FERROBAZAR', 'languageCode': 'es'}",hardware_store
ChIJD9bDZdZ3Vo8RXVrbO7Btww8,"C. 28 116, México norte, 97125 Mérida, Yuc., Mexico","{'latitude': 20.9985224, 'longitude': -89.61511399999999}",4.5,http://www.contactostihl.com/,4.0,"{'text': 'Distribuidor STIHL Autorizado', 'languageCode': 'es'}",store
ChIJt7dKKTNxVo8RQIw5no45eVg,"C. 7 72, Felipe Carrillo Puerto, 97208 Mérida, Yuc., Mexico","{'latitude': 20.9973883, 'longitude': -89.5995071}",4.7,,20.0,"{'text': 'FERRETERÍAS DEL NORTE', 'languageCode': 'es'}",hardware_store
ChIJ_WhgAc12Vo8Rcf2Xl4-6Ots,"Av. Correa Rachó 415, Díaz Ordaz, 97130 Mérida, Yuc., Mexico","{'latitude': 21.0022244, 'longitude': -89.59489119999999}",4.5,https://ferreteriario.sicarx.shop/,91.0,"{'text': 'Ferretería Río Matriz', 'languageCode': 'es'}",hardware_store
ChIJbbtvPM12Vo8RAklfMBX6qAg,"97208, Av. Felipe Carrillo Puerto 401, Felipe Carrillo Puerto, 97136 Mérida, Yuc., Mexico","{'latitude': 20.9992189, 'longitude': -89.59846259999999}",3.9,,24.0,"{'text': 'FERRETERÍAS DEL NORTE FIESTA MAYOREO', 'languageCode': 'es'}",hardware_store
ChIJdanTL812Vo8RmTXSaOXbLmU,"Por la calle 6, C. 5ᴬ 52, Felipe Carrillo Puerto, 97136 Mérida, Yuc., Mexico","{'latitude': 20.9983836, 'longitude': -89.5987181}",4.4,http://ositodis.mx/,138.0,"{'text': 'Ferretería Osito Sucursal Fiesta', 'languageCode': 'es'}",hardware_store
ChIJT83MvDJxVo8RsNiBvUITKhM,"C. 17 350, San Esteban, 97149 Mérida, Yuc., Mexico","{'latitude': 20.996498499999998, 'longitude': -89.5975825}",4.4,https://www.facebook.com/ferrenegrito2021/about,71.0,"{'text': 'Tlapalería El Negrito', 'languageCode': 'es'}",hardware_store
ChIJmZdOKzNxVo8RXtNd5c7QUkY,"Av. Felipe Carrillo Puerto, Felipe Carrillo Puerto, 97208 Mérida, Yuc., Mexico","{'latitude': 20.9978576, 'longitude': -89.59947810000001}",3.6,http://berny.com.mx/,14.0,"{'text': 'FERRETERÍAS BERNY', 'languageCode': 'es'}",hardware_store
ChIJXeU-YAR0Vo8RwUjqZZNdG3k,"C. 20 116, Chuburná de Hidalgo, 97205 Mérida, Yuc., Mexico","{'latitude': 21.0067985, 'longitude': -89.6309916}",4.5,,40.0,"{'text': 'FERROTLAPALERÍA ZAINE', 'languageCode': 'es'}",hardware_store
ChIJZbTifdV1Vo8Rqh3Ya5H9tCo,"C. 37 336, Tanlum, 97210 Mérida, Yuc., Mexico","{'latitude': 21.002931399999998, 'longitude': -89.6314463}",5.0,,5.0,"{'text': 'Tlapalería Ascencio', 'languageCode': 'es'}",hardware_store
ChIJPaEw5FN1Vo8R3DQEJMAz6Gs,"Dept. 4, C. 20 320, Tanlum, 97205 Mérida, Yuc., Mexico","{'latitude': 21.0039606, 'longitude': -89.6293874}",5.0,,10.0,"{'text': 'FERRETERÍA PINELO', 'languageCode': 'es'}",hardware_store
ChIJjdcqoW53Vo8Rm7JBcgPLs8c,"Carr. Mérida - Progreso 230, Campestre, 97120 Mérida, Yuc., Mexico","{'latitude': 21.0058516, 'longitude': -89.62269549999999}",4.4,https://www.facebook.com/AceHardwareSuresteMX,456.0,"{'text': 'Ace Hardware', 'languageCode': 'es'}",hardware_store
ChIJA0C9Qxl3Vo8R1Mcw1mG7rKo,"C. 60 268 x 21, Campestre, 97127 Mérida, Yuc., Mexico","{'latitude': 21.0033559, 'longitude': -89.6222356}",4.2,https://www.ccyh.com.mx/,72.0,"{'text': 'CCYH Suc. Mérida', 'languageCode': 'es'}",hardware_store
ChIJY7QueAB3Vo8R1RcInyaVDAA,"97120, Fraccionamiento del Nte, 97120 Mérida, Yuc., Mexico","{'latitude': 21.0076205, 'longitude': -89.6230262}",5.0,,2.0,"{'text': 'Ferreteria La60', 'languageCode': 'es'}",hardware_store
ChIJlXlbbtt3Vo8RntVb0KYIu-Y,"C. 37 28 y 30, Emiliano Zapata Nte, 97129 Mérida, Yuc., Mexico","{'latitude': 21.008662899999997, 'longitude': -89.6116291}",4.6,,54.0,"{'text': 'Ferrotlapalería ""El Foquito""', 'languageCode': 'es'}",hardware_store
ChIJQ_Q4IAB3Vo8Rb_1vALO4kk0,"Prol. Paseo Montejo, Campestre, 97120 Mérida, Yuc., Mexico","{'latitude': 21.0099441, 'longitude': -89.6139476}",5.0,,1.0,"{'text': 'FERREMART CAMPESTRE', 'languageCode': 'es'}",hardware_store
ChIJSflPkih3Vo8RkOtIZasZeyg,"C. 3 101, Residencial Col Mexico, 97128 Mérida, Yuc., Mexico","{'latitude': 21.009221399999998, 'longitude': -89.6024882}",4.3,https://m.facebook.com/VaqueirosFerreterosOficial/?locale2=es_LA,196.0,"{'text': 'Vaqueiros Ferreteros Montecristo', 'languageCode': 'es'}",hardware_store
ChIJb_pXaVkNVo8RObyZXzxA6UA,"C. 22 59, Residencial Montecristo, 97133 Mérida, Yuc., Mexico","{'latitude': 21.0095711, 'longitude': -89.6018236}",3.7,https://touch.facebook.com/VaqueirosFerreterosOficial/,19.0,"{'text': 'Group Ferretero Vaqueiro SA de CV', 'languageCode': 'en'}",hardware_store
ChIJWUmC3NN2Vo8RLHi7pn5YM10,"Por Calle 13, Av. Correa Rachó, Díaz Ordaz, 97130 Mérida, Yuc., Mexico","{'latitude': 21.003319599999998, 'longitude': -89.59366159999999}",4.4,http://www.surpesa.com.mx/,121.0,"{'text': 'SURPESA FIESTA', 'languageCode': 'es'}",hardware_store
ChIJc8d5sb93Vo8RKYamylOI6cY,"calle 12 #418c /15 y 15 A Diaz Ordaz, Díaz Ordaz, 97130 Mérida, Yuc., Mexico","{'latitude': 21.0029346, 'longitude': -89.59729109999999}",,,,"{'text': 'Comercializadora Trébol Penínsular', 'languageCode': 'es'}",hardware_store
ChIJGY4VBzl1Vo8RBo2eHIbHhCE,"C. 20 282-y 15, Juan B Sosa, 97205 Mérida, Yuc., Mexico","{'latitude': 21.0184565, 'longitude': -89.6315889}",4.1,http://www.cascodeoro.com/,44.0,"{'text': 'Casco De Oro Ferreterías Suc Chuburná', 'languageCode': 'es'}",hardware_store
ChIJX3nfaKd2Vo8RVvEEoOBpgvs,"C. 17ᴬ, Felipe Carrillo Puerto, 97208 Mérida, Yuc., Mexico","{'latitude': 21.014039999999998, 'longitude': -89.6244303}",4.7,,23.0,"{'text': 'SAN MARTÍN FERRETERÍA', 'languageCode': 'es'}",hardware_store
ChIJgcVTPr12Vo8RuD-VM7rRuRg,"Av. Cámara de Comercio 346, Villas la Hacienda, 97119 Mérida, Yuc., Mexico","{'latitude': 21.0200033, 'longitude': -89.6146442}",4.3,https://bombasrivas.com.mx/,477.0,"{'text': 'Bombas Rivas ""Villas""', 'languageCode': 'en'}",
ChIJo58OILl2Vo8ROFRwfnjHm7g,"C. 30 318-x 23 y 25, Emiliano Zapata Nte, 97129 Mérida, Yuc., Mexico","{'latitude': 21.0151628, 'longitude': -89.610796}",4.8,,13.0,"{'text': 'DABRIA FERRETERÍAS', 'languageCode': 'es'}",hardware_store
ChIJaWJIz8J2Vo8RKCWB3bHmNtk,"Calle 22 no. 282 por 37 y 39, Monterreal, 97133 Mérida, Yuc., Mexico","{'latitude': 21.019458999999998, 'longitude': -89.59726049999999}",4.2,http://www.boxito.com/,1066.0,"{'text': 'Boxito Kalia', 'languageCode': 'es'}",store
ChIJ416oCyJ0Vo8RkMc1aNKgtbU,"C. 20 302, Juan B Sosa, 97205 Mérida, Yuc., Mexico","{'latitude': 21.0219604, 'longitude': -89.630793}",4.8,,20.0,"{'text': 'FerreTefy', 'languageCode': 'es'}",hardware_store
ChIJcaXVYfd1Vo8RsZn90wTcl_s,"C. 1 299 A, Bugambilias, 97205 Mérida, Yuc., Mexico","{'latitude': 21.0303148, 'longitude': -89.6349451}",4.6,https://plaforama.com/,21.0,"{'text': 'Plaforama Mérida Xcumpich', 'languageCode': 'es'}",store
ChIJYcKj5SN0Vo8RXaxABQoGTw8,"C. 14, Loma Bonita, 97205 Mérida, Yuc., Mexico","{'latitude': 21.026802, 'longitude': -89.6303762}",3.9,,9.0,"{'text': 'Ferrotlapaleria ""Jbs""', 'languageCode': 'es'}",hardware_store
ChIJ1WxzVIJ2Vo8Riu-SOza8CSs,"77 # 208 X 40, C. 77 208, Montes de Amé, 97115 Mérida, Yuc., Mexico","{'latitude': 21.0297326, 'longitude': -89.621938}",4.6,http://www.cascodeoro.com/,160.0,"{'text': 'CascoDeOro Ferreterías Suc Casa Blanca', 'languageCode': 'es'}",hardware_store
ChIJf_HkaJx2Vo8RFLs1lCSOGnQ,"C. 77 208, Montes de Amé, 97115 Mérida, Yuc., Mexico","{'latitude': 21.0297464, 'longitude': -89.6219494}",4.5,http://cbferreterias.com/,11.0,"{'text': 'Ferretería Casco de Oro Sucursal Casa Blanca', 'languageCode': 'es'}",hardware_store
ChIJY-3kUJ92Vo8RjDePUz9fbOE,"Prol. Paseo Montejo 340, Benito Juárez Nte., 97119 Mérida, Yuc., Mexico","{'latitude': 21.022298, 'longitude': -89.62089569999999}",4.3,,1512.0,"{'text': 'Vaqueiros Ferreteros', 'languageCode': 'en'}",hardware_store
ChIJNVEyIpl3Vo8RvSSp4ci_HLI,"C. 37ᴮ 295, San Ramón Nte, 97117 Mérida, Yuc., Mexico","{'latitude': 21.0270872, 'longitude': -89.6050635}",4.9,https://www.facebook.com/RefacasaManrique,171.0,"{'text': 'Manrique Av. García Lavín', 'languageCode': 'es'}",hardware_store
ChIJW3ub8Gh1Vo8RClJJzl5YYRo,"C. 45 264, Cordemex, 97110 Mérida, Yuc., Mexico","{'latitude': 21.0378342, 'longitude': -89.6261277}",4.3,http://www.cbferreterias.com/,36.0,"{'text': 'CB Ferreterías- Tu ferretería', 'languageCode': 'es'}",hardware_store
ChIJr8PLBSl0Vo8R6y7z7G1k7HY,"C. 47 299, Cordemex, 97110 Mérida, Yuc., Mexico","{'latitude': 21.0373752, 'longitude': -89.6278786}",1.0,,1.0,"{'text': 'Broca Fernadez Salvador', 'languageCode': 'es'}",hardware_store
ChIJhaPvzoJ2Vo8R4qHVualICqo,"C. 42 232, Montes de Amé, 97115 Mérida, Yuc., Mexico","{'latitude': 21.0342301, 'longitude': -89.6235768}",4.6,,47.0,"{'text': 'TLAPALERÍA AME', 'languageCode': 'es'}",hardware_store
ChIJ7dYuaP11Vo8Rdw6Ls9fHO3Q,"C. 47 299, Cordemex, 97310 Mérida, Yuc., Mexico","{'latitude': 21.0372768, 'longitude': -89.6278945}",1.0,,2.0,"{'text': 'TLAPALERIA LA STMA. TRINIDAD', 'languageCode': 'es'}",hardware_store
ChIJT0w-u-12Vo8Re-0iAYK0HsM,"C. 36 Diag. 314-D, Montebello, 97113 Mérida, Yuc., Mexico","{'latitude': 21.031720699999997, 'longitude': -89.6032589}",4.6,,41.0,"{'text': 'DABRIA FERRETERÍAS', 'languageCode': 'es'}",hardware_store
ChIJR6kLM_F2Vo8RykZfuqOIFe0,"C. 22 283, Santa Gertrudis Copo, 97305 Mérida, Yuc., Mexico","{'latitude': 21.0394389, 'longitude': -89.6000612}",3.9,http://www.cascodeoro.com/,47.0,"{'text': 'CascoDeOro Ferreterías Suc Plaza de Construcción', 'languageCode': 'es'}",hardware_store
ChIJLexwL_F2Vo8Rj42GdgvJwtE,"C. 11, Santa Gertrudis Copo, 97305 Mérida, Yuc., Mexico","{'latitude': 21.038919399999997, 'longitude': -89.5996786}",4.4,http://www.surpesa.com.mx/,70.0,"{'text': 'Surpesa Plaza de la Construcción', 'languageCode': 'es'}",hardware_store
ChIJkWJy4vB2Vo8Rys5WvIE2TO4,"C. Vigésima, Fundura Montebello, 97113 Mérida, Yuc., Mexico","{'latitude': 21.037597599999998, 'longitude': -89.59916679999999}",4.1,https://www.construrama.com/promexma-merida2,46.0,"{'text': 'Construrama Promexma', 'languageCode': 'en'}",store
ChIJJ8hNTbh2Vo8RWaNfmf32ZOM,"C. 22 283, Santa Gertrudis Copo, 97345 Mérida, Yuc., Mexico","{'latitude': 21.039274199999998, 'longitude': -89.5995088}",4.3,http://www.elipsa.com.mx/,13.0,"{'text': 'Elipsa', 'languageCode': 'es'}",
ChIJ27Kwj2F3Vo8RXTziWNk61DQ,"C. 11 235-Local 2 x 18, Santa Gertrudis Copo, 97305 Mérida, Yuc., Mexico","{'latitude': 21.0382466, 'longitude': -89.5979455}",3.7,,3.0,"{'text': 'Cereba Perinorte', 'languageCode': 'es'}",hardware_store
ChIJf9C3EIV3Vo8RluSspGS8NPI,"C. 7ᴮ 322, Santa Gertrudis Copo, 97305 Mérida, Yuc., Mexico","{'latitude': 21.0392871, 'longitude': -89.5937355}",,,,"{'text': 'Ferro Magran', 'languageCode': 'es'}",hardware_store
ChIJJ0OY9RhzVo8RTtZI0jHdYCo,"calle 851- 24 entre 93 y 101 Fracc. Las nubes, 97246 Mérida, Yuc., Mexico","{'latitude': 20.9432705, 'longitude': -89.6880762}",4.7,,40.0,"{'text': 'Ferretería Mejía', 'languageCode': 'es'}",hardware_store
ChIJ0T_hLClzVo8R1Rol0WlON8A,"97246, Fraccionamiento Diamante Paseos de Opichén, La Joya, 97246 Mérida, Yuc., Mexico","{'latitude': 20.945809099999998, 'longitude': -89.69584309999999}",4.5,,4.0,"{'text': 'Ferretería Chihuahua', 'languageCode': 'es'}",hardware_store
ChIJ018djtJyVo8Rv4JHRuV2xAM,"Periférico de Mérida Licenciado Manuel Berzunza, Tablaje Catastral 19018, 97314 Mérida, Yuc., Mexico","{'latitude': 20.938484799999998, 'longitude': -89.6978355}",4.6,http://casadelherrero.mx/,42.0,"{'text': 'La Casa Del Herrero', 'languageCode': 'es'}",
ChIJh8C37OFzVo8Rka7809K6DR4,"C. 81 680, entre 46 Y 48, DIAGONAL, 97246 Mérida, Yuc., Mexico","{'latitude': 20.9460133, 'longitude': -89.697649}",5.0,http://www.ei3s.mx/,4.0,"{'text': '3S ¡Suministros Servicios y Soluciones! en material eléctrico, Iluminación y ferretería..', 'languageCode': 'es'}",
ChIJxbAJPvByVo8R_ktW_qwLPgs,"C. 17, Cd Industrial, 97288 Mérida, Yuc., Mexico","{'latitude': 20.9366111, 'longitude': -89.671791}",4.4,https://dmt.com.mx/,560.0,"{'text': 'DISTRIBUIDORA MAYORISTA DE TORNILLOS', 'languageCode': 'es'}",store
ChIJM1dEJGh1Vo8RFlXCOq_rYD4,"C. 21 416-Int. 3, Sin Nombre de Col 20, 97288 Mérida, Yuc., Mexico","{'latitude': 20.9310805, 'longitude': -89.6753438}",4.7,http://www.contactostihl.com/,3.0,"{'text': 'Distribuidor STIHL Autorizado', 'languageCode': 'es'}",hardware_store
ChIJYXJc2u1yVo8RQRA2dLzVLEw,"Colonia, C. 21 280 A, entre Avenida Benito Juárez y Calle 20, Álvaro Torres Díaz, 97288 Mérida, Yuc., Mexico","{'latitude': 20.9319889, 'longitude': -89.6740889}",2.0,https://surpesa.com.mx/,4.0,"{'text': 'Surpesa Ciudad Industrial', 'languageCode': 'es'}",store
ChIJxw1XAsNyVo8R5mn-sQ9hX8o,"C. 138A 1318, Fraccionamiento Diamante Paseos de Opichén, 97249 Mérida, Yuc., Mexico","{'latitude': 20.9359716, 'longitude': -89.6840587}",,,,"{'text': 'Urrea', 'languageCode': 'es'}",hardware_store
ChIJ3UIoLslyVo8R8iGeZ9wm87s,"Complejo Mérida Business Park, Perif. de Mérida Lic. Manuel Berzunza Km 48.3, Jardines del Nte., 97246 Mérida, Yuc., Mexico","{'latitude': 20.931784399999998, 'longitude': -89.6938996}",3.9,,17.0,"{'text': 'FECEGO CEDIS Mérida', 'languageCode': 'es'}",hardware_store
ChIJBff0N8VyVo8RA1mx-qO6aEI,"C. 28, 97249 Mérida, Yuc., Mexico","{'latitude': 20.937746, 'longitude': -89.68978469999999}",,,,"{'text': 'FERROPLOMERIA DEL CARIBE', 'languageCode': 'es'}",hardware_store
ChIJH5WI6dZ2Vo8RijFqpwy0qNc,"No. 361, Av. Correa Rachó Col, Díaz Ordaz, 97130 Mérida, Yuc., Mexico","{'latitude': 21.0056688, 'longitude': -89.5908862}",4.4,https://www.fixferreterias.com/,119.0,"{'text': 'Centro Ferretero', 'languageCode': 'es'}",hardware_store
ChIJbfp0d9d2Vo8RXkiQvMjIbvQ,"Calle 5 412-POR 8 Y 10, Díaz Ordaz, 97130 Mérida, Yuc., Mexico","{'latitude': 21.0089278, 'longitude': -89.59000759999999}",4.8,,48.0,"{'text': 'FERROTLAPALERIA EL PASO', 'languageCode': 'es'}",hardware_store
ChIJ-dCSZ-R3Vo8RCeToRMpNC2k,"C. 5A 398, col diaz, Díaz Ordaz, 97130 Mérida, Yuc., Mexico","{'latitude': 21.0076365, 'longitude': -89.5904975}",5.0,,2.0,"{'text': 'Ferreterama', 'languageCode': 'es'}",hardware_store
ChIJGyAwRgB3Vo8RMC3kPgA3AKw,"Vista Alegre, 97130 Mérida, Yuc., Mexico","{'latitude': 21.0089909, 'longitude': -89.58726349999999}",4.0,https://www.vaqueiros.mx/?srsltid=AfmBOoqOr4KpOY0M6RV2cWqxOcCynTc72Q4daiBynVsuCshJAgZgu9m-,9.0,"{'text': 'Vaqueiros Ferreteros', 'languageCode': 'es'}",hardware_store
ChIJ2beplzd3Vo8RkziTXPaC8HU,"21 B y 23, Calle 24, San Pedro Cholul, 97138 Mérida, Yuc., Mexico","{'latitude': 21.0085682, 'longitude': -89.5703985}",4.8,,77.0,"{'text': 'FERROTLAPALERÍA SELECTA', 'languageCode': 'es'}",hardware_store
ChIJB9cx7CN3Vo8R05R8_FpDViI,"C. 10 entre 21 y 23, Pinos del Nte., 97138 Mérida, Yuc., Mexico","{'latitude': 21.0045891, 'longitude': -89.5663343}",5.0,,7.0,"{'text': 'Ferretería Pinos Norte', 'languageCode': 'es'}",hardware_store
ChIJt2bH5CZ3Vo8R5y0PUSdKFzI,"Calle 9 286, Residencial San Carlos, 97130 Mérida, Yuc., Mexico","{'latitude': 21.013312199999998, 'longitude': -89.5842533}",4.4,http://burgosmexico.com/,121.0,"{'text': 'Agroindustrias Burgos', 'languageCode': 'en'}",hardware_store
ChIJe4tFwvJ3Vo8RQbQDCUc2fkg,"Calle 9 286, Residencial San Carlos, 97130 Mérida, Yuc., Mexico","{'latitude': 21.013312199999998, 'longitude': -89.5842535}",4.8,https://contactostihl.com/,4.0,"{'text': 'Distribuidor STIHL autorizado', 'languageCode': 'es'}",
ChIJpzE28iZ3Vo8R_w7zh9gTtnA,"Residencial San Carlos, 97130 Merida, Yucatan, Mexico","{'latitude': 21.0133409, 'longitude': -89.58417109999999}",1.0,,1.0,"{'text': 'FERRETERA YUCATECA', 'languageCode': 'es'}",hardware_store
ChIJ-dRPqIN3Vo8RADexlQMDofc,"C. 13 520-x 22, Maya, 97134 Mérida, Yuc., Mexico","{'latitude': 21.0186743, 'longitude': -89.57572449999999}",4.7,,21.0,"{'text': 'Ferrotlapaleria Esperanza', 'languageCode': 'es'}",hardware_store
ChIJdUIq7CR3Vo8RsYPsJj7LPFg,"Entre la 11 y la 11A, C. 32, Maya, 97134 Mérida, Yuc., Mexico","{'latitude': 21.0138309, 'longitude': -89.5796797}",4.0,,36.0,"{'text': 'FERROTLAPALERÍA DENNIS', 'languageCode': 'es'}",hardware_store
ChIJJV4oRYR3Vo8RfQdcEXcGYN8,"97134 calle 16A, Paraiso Maya, Maya, 97134 Mérida, Yuc., Mexico","{'latitude': 21.018722, 'longitude': -89.56888239999999}",4.1,http://www.gruposanmartin.mx/,25.0,"{'text': 'Sandux - Grupo San Martín Av.Yucatán', 'languageCode': 'es'}",hardware_store
ChIJ-amR_ZN3Vo8RP9RB9QKwdNY,"C. 22 537, Maya, 97134 Mérida, Yuc., Mexico","{'latitude': 21.0174335, 'longitude': -89.57434909999999}",4.9,https://www.facebook.com/Ferrotlapaler%C3%ADa-DJorge-100471738475591/,43.0,"{'text': 'Ferrotlapaleria D´JORGE', 'languageCode': 'es'}",store
ChIJAc_Bdj93Vo8RO_s3xvQdKJQ,"C. 19, Maya, 97134 Mérida, Yuc., Mexico","{'latitude': 21.0184097, 'longitude': -89.5694473}",4.3,,6.0,"{'text': 'Tlapalería JM', 'languageCode': 'es'}",hardware_store
ChIJcSuj6Bl3Vo8R1BWOH6naXkY,"C. 18 346-Local 3, Montecarlo, Vista Alegre Nte, 97130 Mérida, Yuc., Mexico","{'latitude': 21.0264942, 'longitude': -89.5784943}",3.4,,18.0,"{'text': 'PRODIMA', 'languageCode': 'es'}",hardware_store
ChIJ00rlPBF3Vo8RL5rCwr7jnhU,"Caucel - Merida, Santa Rita Cholul, 97130 Mérida, Yuc., Mexico","{'latitude': 21.0288809, 'longitude': -89.57500710000001}",,,,"{'text': 'Construrama', 'languageCode': 'es'}",hardware_store
ChIJV7qGYxZ3Vo8R8Leq_d95-F4,"Esquina calle 7, C. 12 30, Maya, 97134 Mérida, Yuc., Mexico","{'latitude': 21.024234999999997, 'longitude': -89.5739811}",4.4,,66.0,"{'text': 'Ferrotlapalería ÁGUILA', 'languageCode': 'es'}",hardware_store
ChIJWTrdMgB3Vo8RBJm6FkdaMpU,"C. 12 315, José María Iturralde, 97134 Mérida, Yuc., Mexico","{'latitude': 21.0238162, 'longitude': -89.57381029999999}",5.0,,1.0,"{'text': ""Ferrotlapaleria D'Jorge"", 'languageCode': 'es'}",hardware_store
ChIJbRhXfBR3Vo8RNai9Nt_XDxg,"C. 4, Santa Rita Cholul, 97305 Cholul, Yuc., Mexico","{'latitude': 21.0278425, 'longitude': -89.5711779}",3.3,,10.0,"{'text': 'Truper Store', 'languageCode': 'es'}",hardware_store
ChIJh6J3Dht3Vo8Ry0Lf-uBYiFg,"Periférico Norte, Perif. de Mérida Lic. Manuel Berzunza 19712, Montecarlo, Sin Nombre de Col 26, 97130 Mérida, Yuc., Mexico","{'latitude': 21.0310859, 'longitude': -89.5813598}",4.1,https://www.laferre.lat/,112.0,"{'text': 'La ferre Mérida 4', 'languageCode': 'en'}",
ChIJ5VdO58x1Vo8Rbb1jx4eu-kM,"Anillo Periferico Km. 26.500, Fracto. Montecarlo, Sin Nombre de Col 26, 97130 Mérida, Yuc., Mexico","{'latitude': 21.0316813, 'longitude': -89.5830654}",4.2,http://www.boxito.com/,1924.0,"{'text': 'Boxito', 'languageCode': 'en'}",store
ChIJ9Xul2OB3Vo8RKxPb2Qg7kjE,"Montecarlo, Sin Nombre de Col 26, 97130 Mérida, Yuc., Mexico","{'latitude': 21.031682099999998, 'longitude': -89.5828514}",4.4,,14.0,"{'text': 'Truper Store', 'languageCode': 'es'}",hardware_store
ChIJTQMKYht3Vo8RM0C61MgfaD4,"Montecarlo, Sin Nombre de Col 26, 97130 Merida, Yucatan, Mexico","{'latitude': 21.0316755, 'longitude': -89.5827668}",,,,"{'text': 'Mostrador Express', 'languageCode': 'es'}",hardware_store
ChIJkWcRr213Vo8Rk-QTwVW8MvM,"Cholul, 97305 Cholul, Yucatan, Mexico","{'latitude': 21.0312131, 'longitude': -89.565878}",,,,"{'text': 'FERRETERIA GOURMET', 'languageCode': 'es'}",hardware_store
ChIJOZrfVjYLVo8Rr-eoX5tH6Cg,"C. 20 975, Caucel, 97314 Caucel, Yuc., Mexico","{'latitude': 21.024637, 'longitude': -89.70703220000001}",1.0,,1.0,"{'text': 'Ferrotlapaleria El norte', 'languageCode': 'es'}",hardware_store
ChIJSebupkkLVo8RTFKOYDk_sHo,"C. 20, Caucel, 97314 Caucel, Yuc., Mexico","{'latitude': 21.019211199999997, 'longitude': -89.70670349999999}",4.5,,32.0,"{'text': 'Tlapalería ""La Brocha""', 'languageCode': 'es'}",hardware_store
ChIJzassvckLVo8RknilLuHZtyM,"Calle 21 por 18 y 20, Caucel, 97314 Mérida, Yuc., Mexico","{'latitude': 21.015661299999998, 'longitude': -89.7056549}",4.8,,4.0,"{'text': 'Tlapalería y bisutería ""Las Muñecas""', 'languageCode': 'es'}",hardware_store
ChIJefpTXVELVo8RxymuowfQg6s,"Ciudad Caucel Yuc MX, C. 31 759, Terranova, 97314 Mérida, Yuc., Mexico","{'latitude': 21.0055695, 'longitude': -89.7057051}",4.4,,148.0,"{'text': 'Ferretería El Sapito Caucel', 'languageCode': 'es'}",hardware_store
ChIJRw5d4_4LVo8RfWsPL2Or0Ng,"AV.31 N°780, entre 98 Y 100, LAS TORRES 2, 97314 Mérida, Yuc., Mexico","{'latitude': 21.006325399999998, 'longitude': -89.710156}",5.0,,1.0,"{'text': 'FERROTLAPALERÍA FERREMID', 'languageCode': 'en'}",hardware_store
ChIJI5iUjl4LVo8RFtMIprMQaBk,"C. 45 809-825, Cd Caucel, 97314 Mérida, Yuc., Mexico","{'latitude': 21.0031, 'longitude': -89.7164256}",4.6,https://www.facebook.com/ferroluislugo81,130.0,"{'text': 'Ferrotlapalería Lugo', 'languageCode': 'es'}",hardware_store
ChIJFWjrm04LVo8RBfyq7a31Z_k,"C. 31 897, Cd Caucel, 97314 Caucel, Yuc., Mexico","{'latitude': 21.0104824, 'longitude': -89.7189095}",3.5,,11.0,"{'text': 'Ferro DR Villas', 'languageCode': 'en'}",hardware_store
ChIJf02-7TcLVo8RL_MH5JasbM0,"Calle 31 842 por 108 y 110, Caucel, 97370 Mérida, Yuc., Mexico","{'latitude': 21.0089911, 'longitude': -89.71632919999999}",5.0,,4.0,"{'text': 'Ferrepacheco caucel', 'languageCode': 'es'}",hardware_store
ChIJK9uKGgALVo8RyfkQU0UqZN4,"C. 39 812B, Cd Caucel, 97314 Mérida, Yuc., Mexico","{'latitude': 21.004347499999998, 'longitude': -89.715192}",,,,"{'text': 'Tlapalería Cristian', 'languageCode': 'es'}",hardware_store
ChIJQ68Mtl8LVo8RkICi7z9qRyQ,"97314 Merida, Yucatan, Mexico","{'latitude': 21.0050754, 'longitude': -89.7277897}",5.0,,2.0,"{'text': 'Ferretería JV', 'languageCode': 'es'}",hardware_store
ChIJQ8-awysLVo8REQwev8E6cHo,"275F+VW, 97314 Merida, Yucatan, Mexico","{'latitude': 21.0097172, 'longitude': -89.72522239999999}",3.0,,4.0,"{'text': 'Construhan Ferrotlapalería y Materiales para construcción', 'languageCode': 'es'}",hardware_store
ChIJ4Y-LTQUNVo8R_DzfP8QyrqY,"C. 71 782c, Cd Caucel, 97314 Mérida, Yuc., Mexico","{'latitude': 20.9952348, 'longitude': -89.7126903}",4.4,,16.0,"{'text': 'Tlapalería Sima', 'languageCode': 'es'}",hardware_store
ChIJuYAC-1gLVo8RLFnadplEw10,"Cd Caucel, 97314 Merida, Yucatan, Mexico","{'latitude': 21.0005333, 'longitude': -89.71263549999999}",,,,"{'text': 'FERRETERÍA Y MOTOREFACCIONARIA GRUPO RIVERO', 'languageCode': 'es'}",hardware_store
ChIJY2GpP6ENVo8R_-dmyNvjYPc,"C. 117 Diag. 784-L9, Fraccionamiento Gran Herradura Poniente, Cd Caucel, 97314 Mérida, Yuc., Mexico","{'latitude': 20.9943951, 'longitude': -89.71319629999999}",4.6,,35.0,"{'text': 'Ferretería Solis', 'languageCode': 'es'}",hardware_store
ChIJEy_Q4soNVo8RDhIq6u86VqI,"Calle 106 #687 por diagonal 117 y diagonal 117-A, Los Almendros 4, 97314 Mérida, Yuc., Mexico","{'latitude': 20.9971951, 'longitude': -89.7179814}",4.7,,65.0,"{'text': 'Ferrotlapalería Xanadu', 'languageCode': 'es'}",hardware_store
ChIJmVvUbNULVo8RQXHIecw2MQY,"Calle 59 #798 entre 100 y 102 Fracc. Sol Caucel, Cd Caucel, 97314 Mérida, Yuc., Mexico","{'latitude': 20.9984023, 'longitude': -89.7141707}",3.4,,9.0,"{'text': 'Ferretería ""POLO""', 'languageCode': 'es'}",hardware_store
ChIJrbXzEQALVo8RpyG-yclBcv0,"C. 49 831-C, Cd Caucel, 97314 Mérida, Yuc., Mexico","{'latitude': 21.0025241, 'longitude': -89.7177352}",5.0,,2.0,"{'text': 'Mini tlapaleria Camara de Comercio', 'languageCode': 'es'}",hardware_store
ChIJY7PjwjQNVo8RzNjF04x6iLA,"C. 106 739, Cd Caucel, 97314 Mérida, Yuc., Mexico","{'latitude': 20.9954055, 'longitude': -89.7194}",4.8,,4.0,"{'text': 'Ferretería Kevin', 'languageCode': 'es'}",hardware_store
ChIJ5__sSTgLVo8RpdWqZ_u1O3k,"C. 114, Cd Caucel, 97314 Mérida, Yuc., Mexico","{'latitude': 21.002600299999997, 'longitude': -89.7256938}",5.0,http://ferreterialaredo.com/,3.0,"{'text': 'Ferreteria Laredo', 'languageCode': 'es'}",hardware_store
ChIJhwIOBKwMVo8RfRteMcJZQbU,"C. 88 682 C, entre 79 y 77, Cd Caucel, 97314 Mérida, Yuc., Mexico","{'latitude': 20.991775999999998, 'longitude': -89.70473969999999}",4.3,,126.0,"{'text': 'Ferro DR Matriz', 'languageCode': 'en'}",hardware_store
ChIJRaVdoKMNVo8R8EXVvdJ57SM,"C. 88 675-C, Cd Caucel, 97314 Mérida, Yuc., Mexico","{'latitude': 20.993210599999998, 'longitude': -89.7049059}",4.3,,61.0,"{'text': 'Ferreterías NABTE', 'languageCode': 'es'}",hardware_store
ChIJAQ4vPSMNVo8RT5yOxe-nN3M,"Calle 79 732D X 92 y 94, Almendros, Cd Caucel, 97314 Mérida, Yuc., Mexico","{'latitude': 20.9922643, 'longitude': -89.7090762}",5.0,,4.0,"{'text': 'Ferrotlapaleria ""La Marmota"" Suc Almendros', 'languageCode': 'es'}",hardware_store
ChIJGwMKhIB2Vo8RSFFFgFZgbsI,"C. 38 243, Hacienda Sodzil Nte., 97115 Mérida, Yuc., Mexico","{'latitude': 21.045245299999998, 'longitude': -89.62252730000002}",4.9,,23.0,"{'text': 'Ferrotlapalería Angie y Cristhian', 'languageCode': 'es'}",hardware_store
ChIJEfy_U1Z1Vo8RzLXG9-q-_Kg,"Perif. de Mérida Lic. Manuel Berzunza 27, Sin Nombre de Col 27, 97302 Mérida, Yuc., Mexico","{'latitude': 21.0494014, 'longitude': -89.6329793}",,https://www.facebook.com/RefacasaManrique,,"{'text': 'Manrique CEDIS', 'languageCode': 'es'}",hardware_store
ChIJKc63ZBN3Vo8R0lEG-qsvigk,"Calle 40 Diagonal, Temozon Norte, 97302 Mérida, Yuc., Mexico","{'latitude': 21.0551119, 'longitude': -89.61567099999999}",4.2,https://fabs.mx/ferreteria-en-temozon/,15.0,"{'text': 'Fabs Ferretería - Temozón', 'languageCode': 'es'}",hardware_store
ChIJ982KWAB1Vo8Rr10KSh24Y-E,"Calle 20 & Calle 15, 97302 Xcanatún, Yuc., Mexico","{'latitude': 21.0791922, 'longitude': -89.62793889999999}",,,,"{'text': 'Ferrotlapaleria la 20', 'languageCode': 'es'}",hardware_store
